{
  "cols": 13,
  "mean": [
    104.90212476877066,
    -31.17431259180491,
    10.063659843670633,
    7.070975193450084,
    -15.650463822948245,
    -3.8805158002588613,
    -5.243892896045,
    -0.46363640979012977,
    2.0675068146907365,
    -2.4919338723186115,
    -0.3499684603193488,
    -1.5754125597213324,
    -2.2780465693388563
  ],
  "std": [
    18.454022389649865,
    22.992838480018698,
    10.262426919108641,
    10.278197399042712,
    7.984032530712659,
    7.680314015366758,
    5.217748519646932,
    7.68365772517145,
    7.526770142428208,
    4.873363288838012,
    3.6343476113750377,
    3.315331617572185,
    3.0624019360116046
  ]
}
