{
  "cols": 13,
  "mean": [
    97.99905517138735,
    -12.914894022632645,
    6.3041244634939115,
    7.802870192430933,
    -13.121206181274035,
    -4.133789623268217,
    -4.946392512239555,
    -1.1526199474725969,
    1.2684402842337938,
    -3.2042084224644016,
    -1.8189144126700325,
    -1.299937995434059,
    -2.090453985554327
  ],
  "std": [
    24.365558847202387,
    30.382585706067925,
    15.68666332852898,
    11.748166846759801,
    9.197679089620229,
    8.194278123444843,
    6.191227348589506,
    7.166385712416961,
    6.944749040793125,
    5.180104719251893,
    4.381376444947869,
    3.749087096868476,
    3.676414794033923
  ]
}
