{
  "cols": 24,
  "mean": [
    0.05747242715528812,
    0.05851286520082871,
    0.03110989380845661,
    0.028396511335504672,
    0.024440653942323063,
    0.05044039771291292,
    0.04836967845672169,
    0.03265717420063789,
    0.049325818835819116,
    0.05530919689180579,
    0.06057959597298808,
    0.041663592882346154,
    0.03480844493452066,
    0.05809992453001576,
    0.03359781475334768,
    0.012372427860157489,
    0.009844052266404025,
    0.035788287788258134,
    0.04177920644967803,
    0.043812362042494446,
    0.041120881744105754,
    0.05808457146992835,
    0.04925157495374944,
    0.0431626449904603
  ],
  "std": [
    0.09669541482599142,
    0.10001431467611617,
    0.07017973386828885,
    0.07032268231877017,
    0.04299010656528141,
    0.08537182389606172,
    0.07429510879162343,
    0.045659556605550045,
    0.07977188305031871,
    0.061522148813788084,
    0.09076454025185607,
    0.05146182469673378,
    0.03340913805016479,
    0.11284850340197466,
    0.07087025158947705,
    0.0333470432859054,
    0.01534627107395513,
    0.07818487705902828,
    0.09819055228918536,
    0.07888257416155856,
    0.07010924318303065,
    0.1120870139809333,
    0.07735478284300541,
    0.061396448075389826
  ]
}
