{
  "cols": 30,
  "mean": [
    1.5535419889962157,
    2.7505977206046763,
    3.2646697384169183,
    3.8124067029285316,
    4.253690869066005,
    3.4604562200147373,
    2.680535000486729,
    4.144703245939543,
    2.771011145960253,
    1.0945771786513236,
    0.8915875314727713,
    0.4791579320582633,
    0.43203847653232513,
    0.5439097153789435,
    0.7076056331646844,
    0.9296644570420568,
    1.0486812324843442,
    0.7616199449213364,
    0.9357707997511786,
    0.8088071200588288,
    0.43784154108367285,
    0.24282004931332687,
    0.17928357482171403,
    0.1421904810011172,
    0.06342318940943537,
    0.0492614435541551,
    0.023759527953986365,
    0.021084682396613062,
    0.019964540054699262,
    0.01956347807341864
  ],
  "std": [
    1.9075200390714735,
    2.7848539645016754,
    3.02008780923178,
    4.2474935873987745,
    4.806862688817064,
    2.998240848608257,
    2.437900942568815,
    5.0304150772651495,
    4.205547909225195,
    0.9874618442914977,
    0.9042922004441027,
    0.41295092612413825,
    0.5186472167230327,
    0.5755885539133506,
    0.59113066572187,
    0.9124299150151897,
    1.2808031276861247,
    0.9782696766303745,
    1.0341236349133567,
    0.8614556539321491,
    0.4440547267498513,
    0.3225231320719955,
    0.200996638789188,
    0.155984969541975,
    0.07783479934425584,
    0.05133039261810258,
    0.018789803746468138,
    0.01658562096546496,
    0.01572324199161707,
    0.01552161208904887
  ]
}
