{
  "cols": 24,
  "mean": [
    0.045330858099354936,
    0.07095440373294808,
    0.044833385254068374,
    0.03550649728429002,
    0.031561376969755375,
    0.05174902634354881,
    0.0505332231673618,
    0.03848481788794743,
    0.049427489782549225,
    0.05282564260132718,
    0.042051820156831614,
    0.029674106807976317,
    0.029585707539831325,
    0.0539703764857796,
    0.029957823086252364,
    0.012701727380089534,
    0.01053440219118224,
    0.027155778601523847,
    0.02822440872044983,
    0.04356072138480018,
    0.04456149549308555,
    0.07020542581010467,
    0.06400270740094129,
    0.042606777670578314
  ],
  "std": [
    0.06889380139389585,
    0.1290874140983467,
    0.09047934392946291,
    0.07083544905756814,
    0.05734963566677665,
    0.07367902835165953,
    0.06310360890859051,
    0.05663447630524617,
    0.08067738578073258,
    0.0741750864063821,
    0.05801086487521777,
    0.03556291276822506,
    0.030942228993461232,
    0.10766349124757822,
    0.060954015469181395,
    0.03242186415219166,
    0.020402369447110987,
    0.06498122162504011,
    0.06485457891992887,
    0.08516096899974603,
    0.06414902633255186,
    0.12749152055427776,
    0.10340253613584274,
    0.0616410061181277
  ]
}
