{
  "cols": 13,
  "mean": [
    105.68245601654053,
    -30.204870286471337,
    9.954026685612236,
    7.454740102597171,
    -15.376541495336582,
    -3.662707510609481,
    -5.236375931811204,
    -0.6408700027616976,
    2.0634299282620248,
    -2.448401895976498,
    -0.39759129343454713,
    -1.5339868953083005,
    -2.265897470764672
  ],
  "std": [
    18.415422038794855,
    23.37669069498205,
    10.402048199765009,
    10.195899071881628,
    7.998691720705511,
    7.543181965567034,
    5.131881348408686,
    7.636683870751109,
    7.460394158268262,
    4.792424274477356,
    3.5404534841904094,
    3.2106403752711516,
    2.9575793921954783
  ]
}
