{
  "cols": 24,
  "mean": [
    0.04611946096801469,
    0.07138049635580128,
    0.04364782036517675,
    0.033573110629509205,
    0.031201532373945823,
    0.05232962906365233,
    0.05094691562065256,
    0.03813002072515472,
    0.049470015757414845,
    0.053044600840405645,
    0.04245542684633711,
    0.029741933319940426,
    0.029173680514648092,
    0.0539313225386689,
    0.029623687707525076,
    0.012134172554534488,
    0.010199209632060537,
    0.027657537230781678,
    0.028469650353001023,
    0.04253083143206129,
    0.04402679209222619,
    0.07108772198209813,
    0.0654277970579184,
    0.04369663406186905
  ],
  "std": [
    0.06983606093056483,
    0.12886758221712408,
    0.08897677212309452,
    0.0682417734336505,
    0.05824177850253598,
    0.07145230607479035,
    0.06112564685279313,
    0.0561232240155974,
    0.08094571555020805,
    0.07442500879405069,
    0.05721547681495849,
    0.03550703350996735,
    0.029439051124130786,
    0.10723825832050092,
    0.060774965117172224,
    0.03034384872027137,
    0.019114925162911807,
    0.06450143091989591,
    0.06467740833415166,
    0.08058947751027738,
    0.061261423588312706,
    0.12658183109134238,
    0.10311583106975432,
    0.06248786837174408
  ]
}
