{
  "cols": 30,
  "mean": [
    1.5545118302265986,
    2.7907695115925812,
    3.2947313696901457,
    3.820632410810242,
    4.259582564425688,
    3.4225561458403044,
    2.6156225745087127,
    4.049344263860299,
    2.667958983109607,
    1.0427175284289627,
    0.8645584913742855,
    0.46720801625507985,
    0.4242687623741829,
    0.5316696598491022,
    0.6896477665495891,
    0.903949595606725,
    1.0130312131180113,
    0.7202762659428065,
    0.8869027288943837,
    0.7687993249713557,
    0.4211497404453472,
    0.23113572606842014,
    0.16809167312047774,
    0.13442054541179368,
    0.05777340948899116,
    0.043934512288261895,
    0.019618560373228254,
    0.01708412232140637,
    0.01599931750519213,
    0.01559938503775399
  ],
  "std": [
    1.884855753959539,
    2.7675496460042237,
    2.9944195373675773,
    4.2012173531132415,
    4.746745274560676,
    2.973222450465386,
    2.3460315853400644,
    4.917513516555486,
    4.101710540980568,
    0.9702221981339375,
    0.8706136591316814,
    0.39905691324333636,
    0.47960583773724413,
    0.532662125884133,
    0.5728122961542659,
    0.8647413236612916,
    1.2491269536512222,
    0.9135536729324664,
    0.9842658000506185,
    0.7985282885675388,
    0.4167060370506675,
    0.30823910318800213,
    0.18936129661506632,
    0.14820279174195294,
    0.07362762335894298,
    0.047808962595502366,
    0.01609558128861172,
    0.01392939396991297,
    0.01302278198733114,
    0.012789834482735513
  ]
}
