{
  "cols": 24,
  "mean": [
    0.04567624599482339,
    0.07315483415196161,
    0.04621307025034461,
    0.03523141719554724,
    0.0310487596343092,
    0.051748365139354005,
    0.050416010461566345,
    0.037860346223463334,
    0.048729480359130065,
    0.052075319116005506,
    0.04087873855674367,
    0.02852594372478798,
    0.028958915654634373,
    0.054677396348259306,
    0.03049807007861232,
    0.01302033563222366,
    0.010666126112018446,
    0.027135824691588872,
    0.028338987307859245,
    0.04340195260283361,
    0.044503104022878215,
    0.07009503042153481,
    0.06424794604187276,
    0.04289778035588454
  ],
  "std": [
    0.0702254026291796,
    0.13211081199460017,
    0.0925075841879481,
    0.07099601063304432,
    0.05595081575188014,
    0.07398542705044081,
    0.06359330987751423,
    0.05676392722392775,
    0.08146726670861427,
    0.07482878675887637,
    0.058198734814775735,
    0.03493003476027112,
    0.03084333694232089,
    0.10909777259962382,
    0.062361696171351115,
    0.03326306537002552,
    0.020653786192107785,
    0.06484202892454259,
    0.06576103408542489,
    0.08490205761163269,
    0.06400943195579528,
    0.12749875092338792,
    0.10433396036972063,
    0.06248055306867369
  ]
}
