{
  "cols": 30,
  "mean": [
    1.1870952788863036,
    2.0569181144908675,
    2.2940735495816456,
    2.4952942321130194,
    2.5687411761254735,
    2.016088840953637,
    1.5517087935220375,
    2.246439890486952,
    1.4030680137738172,
    0.5927134399934169,
    0.5176226034065766,
    0.27410888220625296,
    0.23260626433233791,
    0.28913339353737616,
    0.3863618644316516,
    0.5075496126456134,
    0.5342633408702109,
    0.40561355424897727,
    0.46627087310367543,
    0.39286241625717905,
    0.20512271022446799,
    0.10745299199588848,
    0.08029052773940223,
    0.06454553815153763,
    0.023356883061829606,
    0.016562508226899954,
    0.004749487141311751,
    0.003498625030356217,
    0.002989147942769732,
    0.0027872233015077044
  ],
  "std": [
    1.6490696008534125,
    2.3372740528315594,
    2.333455847818928,
    3.0487995018166627,
    3.430184831843471,
    2.2996720271915625,
    1.8816948314220283,
    3.5630535499064178,
    2.7804493016285106,
    0.6863391844268167,
    0.6345381817063862,
    0.3285096686673761,
    0.3677277481508713,
    0.3912162497165164,
    0.4682955223484339,
    0.6627999094090515,
    0.9072112399220034,
    0.6265432431938008,
    0.7107420868013695,
    0.6052489778789967,
    0.2969642457843987,
    0.1948312799153398,
    0.13125782940006323,
    0.10481076116722038,
    0.043435750632631345,
    0.029102937004923963,
    0.005730462117945048,
    0.0035843493854366307,
    0.002668070203696012,
    0.002335664566523851
  ]
}
