{
  "cols": 30,
  "mean": [
    1.5015048385200562,
    2.696998789340787,
    3.2430457727305035,
    3.833794829700449,
    4.302672509606537,
    3.5058288263797954,
    2.6919193673617117,
    4.169883483768063,
    2.828061107200042,
    1.1172161622300913,
    0.9056940251496441,
    0.48449346531326964,
    0.43846647979493025,
    0.5514294139338245,
    0.7150905552073434,
    0.9440665537256729,
    1.0742081282983846,
    0.7758404478815916,
    0.9592366527483132,
    0.8299109693466172,
    0.44663634178528083,
    0.24999651120018712,
    0.18445475948696147,
    0.14538937284756356,
    0.0650653078033467,
    0.050318349054912996,
    0.023917217040481498,
    0.021152282207280847,
    0.019990515623567778,
    0.019568828553924646
  ],
  "std": [
    1.888412878654622,
    2.7946021126725133,
    3.059034491063492,
    4.307387454598145,
    4.867118491840917,
    3.032697675814096,
    2.455104602248161,
    5.062184580761557,
    4.2886312134063695,
    1.004428015264498,
    0.9090535357530142,
    0.41943154313461084,
    0.524155609513196,
    0.5714346348093226,
    0.5969911179789511,
    0.9168270115334057,
    1.2975526923434215,
    0.9908622754012478,
    1.043282005528868,
    0.8690192984729743,
    0.4458519706478322,
    0.3269549174468761,
    0.2038547278877048,
    0.15727436040435155,
    0.07884639384367714,
    0.05207928009817773,
    0.01887364702599367,
    0.016644431327948614,
    0.01577404941149225,
    0.015569787101733214
  ]
}
