{
  "cols": 13,
  "mean": [
    98.88756933152301,
    -13.218186662257093,
    6.374202584282571,
    7.879211435047616,
    -13.240926983880476,
    -4.102701660400878,
    -4.976064905207956,
    -1.1600418728066069,
    1.3027607293436363,
    -3.2175351978314795,
    -1.8167619539817221,
    -1.3040649032281746,
    -2.106407532592541
  ],
  "std": [
    23.054502509502836,
    29.24374168762986,
    14.936918458393182,
    11.1954721637585,
    8.642337661402305,
    7.678419678644998,
    5.824733124203833,
    6.79418117343567,
    6.560576213439137,
    4.846952660441646,
    4.062526108384403,
    3.3475647912398303,
    3.305233838850719
  ]
}
