{
  "cols": 13,
  "mean": [
    104.35107791019372,
    -31.848734763019113,
    10.163230729369095,
    6.812185773725271,
    -15.774114323602403,
    -3.9295913987644076,
    -5.3380975765770415,
    -0.5161332395297298,
    1.9860964566871662,
    -2.578917829637814,
    -0.3217363632483459,
    -1.5765529106836014,
    -2.256718058699158
  ],
  "std": [
    18.588793158280634,
    22.667646231128163,
    10.227928121471455,
    10.325287050668116,
    8.002008107305357,
    7.710226205685921,
    5.221078955910646,
    7.754042473309409,
    7.542439886823176,
    4.842450521963898,
    3.6608411805065253,
    3.337209381515548,
    3.098856010234263
  ]
}
